{
  "users": [
    {
      "id": 1,
      "name": "mojombo",
      "age": 20,
      "avatarUrl": "https://avatars.githubusercontent.com/u/1?v=4",
      "subscribers": 100,
      "rating": 5
    },
    {
      "id": 2,
      "name": "defunkt",
      "age": 25,
      "avatarUrl": "https://avatars.githubusercontent.com/u/18?v=4",
      "subscribers": 100,
      "rating": 4
    },
    {
      "id": 3,
      "name": "pjhyett",
      "age": 20,
      "avatarUrl": "https://avatars.githubusercontent.com/u/3?v=4",
      "subscribers": 400,
      "rating": 3
    },
    {
      "id": 4,
      "name": "wycats",
      "age": 25,
      "avatarUrl": "https://avatars.githubusercontent.com/u/4?v=4",
      "subscribers": 100,
      "rating": 4
    },
    {
      "id": 5,
      "name": "ezmobius",
      "age": 25,
      "avatarUrl": "https://avatars.githubusercontent.com/u/24?v=4",
      "subscribers": 200,
      "rating": 5
    }
  ]
}
